{"Regression": 0.5280557086270113, "DecisionTree": 0.9896847473342606, "RandomForest": 0.9927851182197497, "GradientBoosting": 0.9875550533147891, "AdaBoost": 0.9853239452943904, "GNB": 0.7017993741307371, "k-NN": 0.9567946144400383}