{"Regression": 0.5280557084598576, "DecisionTree": 0.9894674316179879, "RandomForest": 0.9927996059341678, "GradientBoosting": 0.9875695410292072, "AdaBoost": 0.9843822438572091, "GNB": 0.7017993741307371, "k-NN": 0.9569801284641678}