{"Regression": 0.5952260091560793, "DecisionTree": 0.9899310384793695, "RandomForest": 0.9930169216504404, "GradientBoosting": 0.9878158321743162, "AdaBoost": 0.9867292535929532, "GNB": 0.7017993741307371, "k-NN": 0.9571739490863928}